id,name,country,league
10718,FC Andorra,Andorra,LaLiga2
9709,Independ. Rivadavia,Argentina,Argentina Liga Profesional
35327,Independiente,Argentina,Argentina Liga Profesional
45457,All Boys,Argentina,Argentine Primera Nacional
57337,Nueva Chicago,Argentina,Argentine Primera Nacional
14602,AA Estudiantes (Río Cuarto),Argentina,Primera Nacional
4673,Arsenal FC,Argentina,Primera Nacional
38545,CA Agropecuario,Argentina,Primera Nacional
12100,CA All Boys,Argentina,Primera Nacional
12563,CA Alvarado,Argentina,Primera Nacional
8057,CA Atlanta,Argentina,Primera Nacional
14670,CA Central Norte,Argentina,Primera Nacional
2154,CA Chacarita Juniors,Argentina,Primera Nacional
12681,CA Chaco For Ever,Argentina,Primera Nacional
13339,CA Colegiales,Argentina,Primera Nacional
1070,CA Colón,Argentina,Primera Nacional
24749,CA Defensores Unidos (Zarate),Argentina,Primera Nacional
6062,CA Defensores de Belgrano,Argentina,Primera Nacional
14312,CA Estudiantes,Argentina,Primera Nacional
58188,CA Güemes,Argentina,Primera Nacional
5208,CA Los Andes,Argentina,Primera Nacional
30038,CA Mitre,Argentina,Primera Nacional
10534,CA Nueva Chicago,Argentina,Primera Nacional
19806,CA Patronato,Argentina,Primera Nacional
10403,CA Racing (Córdoba),Argentina,Primera Nacional
19634,CA San Miguel,Argentina,Primera Nacional
13651,CA San Telmo,Argentina,Primera Nacional
14519,CA Talleres (Remedios de Escalada),Argentina,Primera Nacional
14542,CA Temperley,Argentina,Primera Nacional
14318,CS Deportivo Madryn,Argentina,Primera Nacional
1771,CSD Tristan Suarez,Argentina,Primera Nacional
14977,Club Almagro,Argentina,Primera Nacional
12672,Club Almirante Brown,Argentina,Primera Nacional
10885,Club Atlético Gimnasia y Esgrima (Jujuy),Argentina,Primera Nacional
12709,Club Atlético San Martín (Tucumán),Argentina,Primera Nacional
19523,Club Deportivo Maipú,Argentina,Primera Nacional
12458,Club Deportivo Morón,Argentina,Primera Nacional
4557,Club Ferro Carril Oeste,Argentina,Primera Nacional
14688,Club de Gimnasia y Tiro,Argentina,Primera Nacional
14687,Gimnasia y Esgrima de Mendoza,Argentina,Primera Nacional
1826,Quilmes AC,Argentina,Primera Nacional
1030,AA Argentinos Juniors,Argentina,Torneo Clausura
12301,CA Aldosivi,Argentina,Torneo Clausura
830,CA Banfield,Argentina,Torneo Clausura
25184,CA Barracas Central,Argentina,Torneo Clausura
189,CA Boca Juniors,Argentina,Torneo Clausura
31284,CA Central Córdoba (SdE),Argentina,Torneo Clausura
2063,CA Huracán,Argentina,Torneo Clausura
1234,CA Independiente,Argentina,Torneo Clausura
333,CA Lanús,Argentina,Torneo Clausura
1286,CA Newell\,Argentina,Torneo Clausura
209,CA River Plate,Argentina,Torneo Clausura
1418,CA Rosario Central,Argentina,Torneo Clausura
1775,CA San Lorenzo de Almagro,Argentina,Torneo Clausura
10511,CA San Martín (San Juan),Argentina,Torneo Clausura
12454,CA Sarmiento (Junin),Argentina,Torneo Clausura
3938,CA Talleres,Argentina,Torneo Clausura
7097,CA Unión (Santa Fe),Argentina,Torneo Clausura
1029,CA Vélez Sarsfield,Argentina,Torneo Clausura
12574,CD Godoy Cruz Antonio Tomba,Argentina,Torneo Clausura
12179,CS Independiente Rivadavia,Argentina,Torneo Clausura
2417,Club Atlético Belgrano,Argentina,Torneo Clausura
928,Club Atlético Platense,Argentina,Torneo Clausura
11831,Club Atlético Tigre,Argentina,Torneo Clausura
14554,Club Atlético Tucumán,Argentina,Torneo Clausura
19775,Club Deportivo Riestra,Argentina,Torneo Clausura
288,Club Estudiantes de La Plata,Argentina,Torneo Clausura
1106,Club de Gimnasia y Esgrima La Plata,Argentina,Torneo Clausura
2402,Defensa y Justicia,Argentina,Torneo Clausura
1829,Instituto ACC,Argentina,Torneo Clausura
1444,Racing Club,Argentina,Torneo Clausura
875,Adelaide United,Australia,A-League Men
7831,Brisbane Roar,Australia,A-League Men
6954,Central Coast Mariners,Australia,A-League Men
71085,Macarthur FC,Australia,A-League Men
25580,Melbourne City FC,Australia,A-League Men
7006,Melbourne Victory,Australia,A-League Men
5551,Newcastle United Jets,Australia,A-League Men
970,Perth Glory,Australia,A-League Men
8054,Sydney FC,Australia,A-League Men
36100,Western Sydney Wanderers,Australia,A-League Men
15889,Gold Coast United,Australia,
71084,Western United FC,Australia,
503,Admira Wacker,Austria,2. Liga
541,SC Austria Lustenau,Austria,2. Liga
28760,SK Austria Klagenfurt,Austria,2. Liga
2662,SKN St. Pölten,Austria,2. Liga
936,Schwarz-Weiß Bregenz,Austria,2. Liga
14,Austria Vienna,Austria,Bundesliga
2157,FC Blau-Weiss Linz,Austria,Bundesliga
316,Grazer AK 1902,Austria,Bundesliga
413,LASK,Austria,Bundesliga
170,Rapid Vienna,Austria,Bundesliga
409,Red Bull Salzburg,Austria,Bundesliga
36999,Red Bull Salzburg,Austria,Bundesliga
3551,SCR Altach,Austria,Bundesliga
122,SK Sturm Graz,Austria,Bundesliga
266,SV Ried,Austria,Bundesliga
4467,TSV Hartberg,Austria,Bundesliga
2446,WSG Tirol,Austria,Bundesliga
4441,Wolfsberger AC,Austria,Bundesliga
10625,Antwerp,Belgium,Belgium Pro League
6571,Union St. Gilloise,Belgium,Belgium Pro League
41274,Beerschot VA,Belgium,Challenger Pro League
43560,Club NXT,Belgium,Challenger Pro League
2974,Francs Borains,Belgium,Challenger Pro League
46736,Jong Genk,Belgium,Challenger Pro League
43562,Jong KAA Gent,Belgium,Challenger Pro League
28107,K Lierse SK,Belgium,Challenger Pro League
1245,KAS Eupen,Belgium,Challenger Pro League
7773,KSC Lokeren,Belgium,Challenger Pro League
601,KV Kortrijk,Belgium,Challenger Pro League
5026,Lommel SK,Belgium,Challenger Pro League
3146,Olympic Charleroi,Belgium,Challenger Pro League
3225,Patro Eisden Maasmechelen,Belgium,Challenger Pro League
3159,RFC Lüttich,Belgium,Challenger Pro League
2715,RFC Seraing,Belgium,Challenger Pro League
30857,RSCA Futures,Belgium,Challenger Pro League
54189,RWDM Brussels,Belgium,Challenger Pro League
28643,SK Beveren,Belgium,Challenger Pro League
520,Cercle Brugge,Belgium,Jupiler Pro League
2282,Club Brugge KV,Belgium,Jupiler Pro League
9010,FCV Dender EH,Belgium,Jupiler Pro League
157,KAA Gent,Belgium,Jupiler Pro League
1184,KRC Genk,Belgium,Jupiler Pro League
354,KV Mechelen,Belgium,Jupiler Pro League
968,KVC Westerlo,Belgium,Jupiler Pro League
2727,Oud-Heverlee Leuven,Belgium,Jupiler Pro League
3901,RAAL La Louvière,Belgium,Jupiler Pro League
58,RSC Anderlecht,Belgium,Jupiler Pro League
1096,Royal Antwerp FC,Belgium,Jupiler Pro League
172,Royal Charleroi SC,Belgium,Jupiler Pro League
475,Sint-Truidense VV,Belgium,Jupiler Pro League
3057,Standard Liège,Belgium,Jupiler Pro League
3948,Union Saint-Gilloise,Belgium,Jupiler Pro League
3508,Zulte Waregem,Belgium,Jupiler Pro League
566,Beerschot AC (-2013),Belgium,
498,KSC Lokeren (-2020),Belgium,
2861,KV Oostende (-2024),Belgium,
204,Lierse SK (-2018),Belgium,
1411,RAEC Mons (-2015),Belgium,
29228,Royal Excel Mouscron (-2022),Belgium,
21283,Gualberto Villarroel SJ,Bolivia,Bolivia Primera Division
101346,Independiente Petrolero,Bolivia,Bolivia Primera Division
829,Sloga Doboj,Bosnia,Bosnia Premijer Liga
15979,Zeljeznicar Sarajevo,Bosnia,Bosnia Premijer Liga
537,Botafogo de Futebol e Regatas,Brazil,Campeonato Brasileiro Série A
614,CR Flamengo,Brazil,Campeonato Brasileiro Série A
2029,Ceará Sporting Club,Brazil,Campeonato Brasileiro Série A
330,Clube Atlético Mineiro,Brazil,Campeonato Brasileiro Série A
978,Clube de Regatas Vasco da Gama,Brazil,Campeonato Brasileiro Série A
609,Cruzeiro Esporte Clube,Brazil,Campeonato Brasileiro Série A
10010,Esporte Clube Bahia,Brazil,Campeonato Brasileiro Série A
10492,Esporte Clube Juventude,Brazil,Campeonato Brasileiro Série A
2125,Esporte Clube Vitória,Brazil,Campeonato Brasileiro Série A
2462,Fluminense Football Club,Brazil,Campeonato Brasileiro Série A
10870,Fortaleza Esporte Clube,Brazil,Campeonato Brasileiro Série A
210,Grêmio Foot-Ball Porto Alegrense,Brazil,Campeonato Brasileiro Série A
3876,Mirassol Futebol Clube (SP),Brazil,Campeonato Brasileiro Série A
8793,Red Bull Bragantino,Brazil,Campeonato Brasileiro Série A
221,Santos FC,Brazil,Campeonato Brasileiro Série A
1023,Sociedade Esportiva Palmeiras,Brazil,Campeonato Brasileiro Série A
199,Sport Club Corinthians Paulista,Brazil,Campeonato Brasileiro Série A
6600,Sport Club Internacional,Brazil,Campeonato Brasileiro Série A
8718,Sport Club do Recife,Brazil,Campeonato Brasileiro Série A
585,São Paulo Futebol Clube,Brazil,Campeonato Brasileiro Série A
87727,Amazonas FC,Brazil,Campeonato Brasileiro Série B
2863,América Futebol Clube (MG),Brazil,Campeonato Brasileiro Série B
17776,Associação Chapecoense de Futebol,Brazil,Campeonato Brasileiro Série B
64918,Athletic Club,Brazil,Campeonato Brasileiro Série B
15172,Atlético Clube Goianiense,Brazil,Campeonato Brasileiro Série B
2035,Avaí FC,Brazil,Campeonato Brasileiro Série B
9030,Botafogo FC,Brazil,Campeonato Brasileiro Série B
679,Club Athletico Paranaense,Brazil,Campeonato Brasileiro Série B
11449,Clube de Regatas Brasil (AL),Brazil,Campeonato Brasileiro Série B
10997,Clube do Remo (PA),Brazil,Campeonato Brasileiro Série B
776,Coritiba Foot Ball Club,Brazil,Campeonato Brasileiro Série B
7178,Criciúma Esporte Clube,Brazil,Campeonato Brasileiro Série B
28022,Cuiabá Esporte Clube (MT),Brazil,Campeonato Brasileiro Série B
15882,Ferroviária,Brazil,Campeonato Brasileiro Série B
3197,Goiás EC,Brazil,Campeonato Brasileiro Série B
37474,Grêmio Novorizontino,Brazil,Campeonato Brasileiro Série B
27214,Operário Ferroviário Esporte Clube (PR),Brazil,Campeonato Brasileiro Série B
6347,Paysandu SC,Brazil,Campeonato Brasileiro Série B
5677,Vila Nova Futebol Clube (GO),Brazil,Campeonato Brasileiro Série B
4176,Volta Redonda Futebol Clube (RJ),Brazil,Campeonato Brasileiro Série B
12533,CSKA 1948,Bulgaria,Bulgarian First League
6878,Pacific FC,Canada,Canada Premier League
4078,CF Montréal,Canada,Major League Soccer
11141,Toronto FC,Canada,Major League Soccer
6321,Vancouver Whitecaps FC,Canada,Major League Soccer
6335,Nublense,Chile,Chile Primera Division
46487,Nantong Zhiyun,China,China League One
3176,Beijing Guoan,China,Chinese Super League
4768,Changchun Yatai,China,Chinese Super League
65791,Chengdu Rongcheng,China,Chinese Super League
98080,Dalian Yingbo,China,Chinese Super League
9982,Henan FC,China,Chinese Super League
8536,Qingdao Hainiu,China,Chinese Super League
70662,Qingdao West Coast,China,Chinese Super League
3182,Shandong Taishan,China,Chinese Super League
27190,Shanghai Port,China,Chinese Super League
3183,Shanghai Shenhua,China,Chinese Super League
3187,Tianjin Jinmen Tiger,China,Chinese Super League
93753,Yunnan Yukun,China,Chinese Super League
17276,Zhejiang FC,China,Chinese Super League
10503,Deportes Tolima,Colombia,Primera A
9961,Deportivo Cali,Colombia,Primera A
9811,Deportivo Pereira,Colombia,Primera A
6984,Once Caldas,Colombia,Turkey Super Lig
314,HNK Cibalia Vinkovci,Croatia,Prva Nogometna Liga
10314,NK Karlovac 1919,Croatia,Prva Nogometna Liga
11083,NK Rudes,Croatia,Prva Nogometna Liga
419,GNK Dinamo Zagreb,Croatia,SuperSport HNL
24575,HNK Gorica,Croatia,SuperSport HNL
447,HNK Hajduk Split,Croatia,SuperSport HNL
144,HNK Rijeka,Croatia,SuperSport HNL
456,HNK Vukovar 1991,Croatia,SuperSport HNL
999,NK Istra 1961,Croatia,SuperSport HNL
11194,NK Lokomotiva Zagreb,Croatia,SuperSport HNL
327,NK Osijek,Croatia,SuperSport HNL
599,NK Varazdin,Croatia,SuperSport HNL
2362,Slaven Belupo Koprivnica,Croatia,SuperSport HNL
5544,1.FC Slovacko,Czech Republic,Chance Liga
197,AC Sparta Prague,Czech Republic,Chance Liga
715,Bohemians Prague 1905,Czech Republic,Chance Liga
377,FC Banik Ostrava,Czech Republic,Chance Liga
1897,FC Hradec Kralove,Czech Republic,Chance Liga
697,FC Slovan Liberec,Czech Republic,Chance Liga
941,FC Viktoria Plzen,Czech Republic,Chance Liga
5545,FC Zlin,Czech Republic,Chance Liga
450,FK Dukla Prague,Czech Republic,Chance Liga
1322,FK Jablonec,Czech Republic,Chance Liga
5546,FK Mlada Boleslav,Czech Republic,Chance Liga
1496,FK Pardubice,Czech Republic,Chance Liga
814,FK Teplice,Czech Republic,Chance Liga
13726,MFK Karvina,Czech Republic,Chance Liga
2311,SK Sigma Olomouc,Czech Republic,Chance Liga
62,SK Slavia Prague,Czech Republic,Chance Liga
13299,FC Sellier & Bellot Vlasim,Czech Republic,Chance Narodni Liga
24325,SK Artis Brno,Czech Republic,Chance Narodni Liga
1321,SK Dynamo Ceske Budejovice,Czech Republic,Chance Narodni Liga
6541,SK Slavia Prague B,Czech Republic,Chance Narodni Liga
2414,AC Horsens,Denmark,1.Division
1053,Aalborg BK,Denmark,1.Division
3426,Esbjerg fB,Denmark,1.Division
5818,Hobro IK,Denmark,1.Division
1894,Hvidovre IF,Denmark,1.Division
369,Lyngby Boldklub,Denmark,1.Division
22110,FC Helsingør,Denmark,2.Division
19657,Vendsyssel FF,Denmark,2.Division
1037,B 93,Denmark,Denmark 1. Division
678,Aarhus GF,Denmark,Superliga
206,Bröndby IF,Denmark,Superliga
190,FC Copenhagen,Denmark,Superliga
5776,FC Fredericia,Denmark,Superliga
865,FC Midtjylland,Denmark,Superliga
2778,FC Nordsjaelland,Denmark,Superliga
173,Odense Boldklub,Denmark,Superliga
5724,Randers FC,Denmark,Superliga
1177,Silkeborg IF,Denmark,Superliga
5817,Sönderjyske Fodbold,Denmark,Superliga
443,Vejle Boldklub,Denmark,Superliga
1063,Viborg FF,Denmark,Superliga
20100,FC Vestsjaelland,Denmark,
55378,El Mokawloon,Egypt,Egyptian Premier League
208,Haras El Hodood,Egypt,Egyptian Premier League
337,Birmingham City,England,Championship
164,Blackburn Rovers,England,Championship
698,Bristol City,England,Championship
358,Charlton Athletic,England,Championship
990,Coventry City,England,Championship
22,Derby County,England,Championship
3008,Hull City,England,Championship
677,Ipswich Town,England,Championship
1003,Leicester City,England,Championship
641,Middlesbrough FC,England,Championship
1028,Millwall FC,England,Championship
1123,Norwich City,England,Championship
988,Oxford United,England,Championship
1020,Portsmouth FC,England,Championship
466,Preston North End,England,Championship
1039,Queens Park Rangers,England,Championship
350,Sheffield United,England,Championship
1035,Sheffield Wednesday,England,Championship
180,Southampton FC,England,Championship
512,Stoke City,England,Championship
1010,Watford FC,England,Championship
984,West Bromwich Albion,England,Championship
12019,Cardiff,England,England League One
34828,Accrington ST,England,England League Two
3884,AFC Wimbledon,England,League One
349,Barnsley FC,England,League One
1181,Blackpool FC,England,League One
355,Bolton Wanderers,England,League One
2963,Burton Albion,England,League One
6699,Exeter City,England,League One
1110,Huddersfield Town,England,League One
1198,Lincoln City,England,League One
1031,Luton Town,England,League One
3820,Mansfield Town,England,League One
1072,Peterborough United,England,League One
2262,Plymouth Argyle,England,League One
1211,Port Vale FC,England,League One
1032,Reading FC,England,League One
1194,Rotherham United,England,League One
3684,Stevenage FC,England,League One
1098,Stockport County,England,League One
1071,Wigan Athletic,England,League One
2805,Wycombe Wanderers,England,League One
2455,Bristol Rovers,England,League Two
47345,Cambridge United,England,League Two
1219,Chesterfield FC,England,League Two
3537,Crawley Town,England,League Two
2814,Gillingham FC,England,League Two
991,Milton Keynes Dons,England,League Two
1045,Notts County,England,League Two
1220,Carlisle United,England,National League
989,AFC Bournemouth,England,Premier League
11,Arsenal FC,England,Premier League
405,Aston Villa,England,Premier League
1148,Brentford FC,England,Premier League
1237,Brighton & Hove Albion,England,Premier League
1132,Burnley FC,England,Premier League
631,Chelsea FC,England,Premier League
873,Crystal Palace,England,Premier League
29,Everton FC,England,Premier League
931,Fulham FC,England,Premier League
399,Leeds United,England,Premier League
31,Liverpool FC,England,Premier League
281,Manchester City,England,Premier League
985,Manchester United,England,Premier League
762,Newcastle United,England,Premier League
703,Nottingham Forest,England,Premier League
289,Sunderland AFC,England,Premier League
148,Tottenham Hotspur,England,Premier League
379,West Ham United,England,Premier League
543,Wolverhampton Wanderers,England,Premier League
9250,Chelsea FC U21,England,Premier League 2
26117,Ipswich Town U21,England,Premier League 2
20116,Leeds United U21,England,Premier League 2
9251,Manchester United U21,England,Premier League 2
36123,Reading FC U21,England,Premier League 2
24226,Wolverhampton Wanderers U21,England,Premier League 2
2969,Dijon FCO,France,Championnat National
750,FC Sochaux-Montbéliard,France,Championnat National
18633,FC Villefranche-Beaujolais,France,Championnat National
17442,Football Club Fleury 91,France,Championnat National
1175,LB Châteauroux,France,Championnat National
26863,Le Puy Foot 43 Auvergne,France,Championnat National
42609,SC Aubagne Air Bel,France,Championnat National
1162,SM Caen,France,Championnat National
1423,Valenciennes FC,France,Championnat National
40,FC Girondins Bordeaux,France,Championnat National 2 - Groupe A
61431,FC Borgo,France,Championnat National 2 - Groupe B
10838,SAS Epinal,France,Championnat National 2 - Groupe B
20518,US Chantilly,France,Championnat National 2 - Groupe B
51404,FC Limonest,France,Championnat National 2 - Groupe C
64053,FC Rousset SVO,France,Championnat National 2 - Groupe C
2580,Istres Football Club,France,Championnat National 2 - Groupe C
1160,Nîmes Olympique,France,Championnat National 2 - Groupe C
494,Sporting Club de Toulon,France,Championnat National 2 - Groupe C
3558,GFC Ajaccio,France,Championnat National 3 - Groupe E
14171,Thonon Évian Grand Genève FC,France,Championnat National 3 - Groupe F
290,AJ Auxerre,France,Ligue 1
1420,Angers SCO,France,Ligue 1
1158,FC Lorient,France,Ligue 1
347,FC Metz,France,Ligue 1
995,FC Nantes,France,Ligue 1
415,FC Toulouse,France,Ligue 1
1082,LOSC Lille,France,Ligue 1
738,Le Havre AC,France,Ligue 1
417,OGC Nice,France,Ligue 1
1041,Olympique Lyon,France,Ligue 1
244,Olympique Marseille,France,Ligue 1
10004,Paris FC,France,Ligue 1
583,Paris Saint-Germain,France,Ligue 1
826,RC Lens,France,Ligue 1
667,RC Strasbourg Alsace,France,Ligue 1
3911,Stade Brestois 29,France,Ligue 1
273,Stade Rennais FC,France,Ligue 1
1159,AS Nancy-Lorraine,France,Ligue 2
618,AS Saint-Étienne,France,Ligue 2
1416,Amiens SC,France,Ligue 2
3524,Clermont Foot 63,France,Ligue 2
855,EA Guingamp,France,Ligue 2
1095,ESTAC Troyes,France,Ligue 2
30204,FC Annecy,France,Ligue 2
1290,Grenoble Foot 38,France,Ligue 2
1164,Le Mans FC,France,Ligue 2
969,Montpellier HSC,France,Ligue 2
3166,Pau FC,France,Ligue 2
1154,Red Star FC,France,Ligue 2
11273,Rodez AF,France,Ligue 2
595,SC Bastia,France,Ligue 2
1080,Stade Lavallois,France,Ligue 2
1421,Stade Reims,France,Ligue 2
7042,US Boulogne,France,Ligue 2
9202,USL Dunkerque,France,Ligue 2
1147,AC Ajaccio,France,
8178,Entente Sannois Saint-Gratien,France,
2,1.FC Kaiserslautern,Germany,2. Bundesliga
187,1.FC Magdeburg,Germany,2. Bundesliga
4,1.FC Nuremberg,Germany,2. Bundesliga
10,Arminia Bielefeld,Germany,2. Bundesliga
23,Eintracht Braunschweig,Germany,2. Bundesliga
49425,Eintracht Braunschweig,Germany,2. Bundesliga
33,FC Schalke 04,Germany,2. Bundesliga
38,Fortuna Düsseldorf,Germany,2. Bundesliga
42,Hannover 96,Germany,2. Bundesliga
44,Hertha BSC,Germany,2. Bundesliga
269,Holstein Kiel,Germany,2. Bundesliga
48,Karlsruher SC,Germany,2. Bundesliga
91,Preußen Münster,Germany,2. Bundesliga
127,SC Paderborn 07,Germany,2. Bundesliga
129,SG Dynamo Dresden,Germany,2. Bundesliga
64,SV 07 Elversberg,Germany,2. Bundesliga
105,SV Darmstadt 98,Germany,2. Bundesliga
65,SpVgg Greuther Fürth,Germany,2. Bundesliga
70192,SpVgg Greuther Fürth,Germany,2. Bundesliga
80,VfL Bochum,Germany,2. Bundesliga
4795,FC Ingolstadt 04,Germany,3. Liga
93,SC Verl,Germany,3. Liga
85,SV Waldhof Mannheim,Germany,3. Liga
3698,VfL Osnabrück,Germany,3. Liga
2036,1.FC Heidenheim 1846,Germany,Bundesliga
3,1.FC Köln,Germany,Bundesliga
89,1.FC Union Berlin,Germany,Bundesliga
39,1.FSV Mainz 05,Germany,Bundesliga
15,Bayer 04 Leverkusen,Germany,Bundesliga
27,Bayern Munich,Germany,Bundesliga
16,Borussia Dortmund,Germany,Bundesliga
18,Borussia Mönchengladbach,Germany,Bundesliga
24,Eintracht Frankfurt,Germany,Bundesliga
167,FC Augsburg,Germany,Bundesliga
35,FC St. Pauli,Germany,Bundesliga
41,Hamburger SV,Germany,Bundesliga
23826,RB Leipzig,Germany,Bundesliga
60,SC Freiburg,Germany,Bundesliga
86,SV Werder Bremen,Germany,Bundesliga
533,TSG 1899 Hoffenheim,Germany,Bundesliga
79,VfB Stuttgart,Germany,Bundesliga
82,VfL Wolfsburg,Germany,Bundesliga
131588,VfL Wolfsburg,Germany,Bundesliga
22220,Dynamo Dresden,Germany,Germany 2 Bundesliga
440,Hallescher FC,Germany,Regionalliga Northeast
851,1.FSV Mainz 05 II,Germany,Regionalliga Südwest
71,Stuttgarter Kickers,Germany,Regionalliga Südwest
30120,AE Kifisias,Greece,Super League 1
4603,AE Larisa,Greece,Super League 1
2441,AEK Athens,Greece,Super League 1
2672,APO Levadiakos,Greece,Super League 1
605,Aris Thessaloniki,Greece,Super League 1
6676,Asteras Aktor,Greece,Super League 1
3060,Atromitos Athens,Greece,Super League 1
653,OFI Crete FC,Greece,Super League 1
683,Olympiacos Piraeus,Greece,Super League 1
1091,PAOK Thessaloniki,Greece,Super League 1
265,Panathinaikos FC,Greece,Super League 1
6418,Panetolikos GFS,Greece,Super League 1
3385,Panserraikos,Greece,Super League 1
60949,Volos NPS,Greece,Super League 1
2984,AO Egaleo,Greece,Super League 2
3062,Athens Kallithea,Greece,Super League 2
2671,PAS Giannina,Greece,Super League 2
47,POT Iraklis Thessaloniki,Greece,Super League 2
169,Panionios Athens,Greece,Super League 2
5219,AO Kerkyraikos,Greece,
21957,AO Platanias,Greece,
128,AO Xanthi,Greece,
441,Apollon Smyrnis,Greece,
5220,GS Ergotelis,Greece,
553,Ionikos Nikeas,Greece,
3999,PAS Lamia 1964,Greece,
7185,Panthrakikos Komotini,Greece,
2079,Veria 1960,Greece,
84,Debreceni VSC,Hungary,Nemzeti Bajnokság
9241,Diósgyőri VTK,Hungary,Nemzeti Bajnokság
6055,ETO FC Győr,Hungary,Nemzeti Bajnokság
279,Ferencvárosi TC,Hungary,Nemzeti Bajnokság
24031,Kazincbarcikai SC,Hungary,Nemzeti Bajnokság
30613,Kisvárda FC,Hungary,Nemzeti Bajnokság
634,MTK Budapest,Hungary,Nemzeti Bajnokság
6058,Nyíregyháza Spartacus,Hungary,Nemzeti Bajnokság
12163,Paksi FC,Hungary,Nemzeti Bajnokság
37169,Puskás Akadémia FC,Hungary,Nemzeti Bajnokság
1391,Zalaegerszegi TE FC,Hungary,Nemzeti Bajnokság
708,Újpest FC,Hungary,Nemzeti Bajnokság
33524,Aqvital FC Csákvár,Hungary,Nemzeti Bajnokság II.
28410,Budafoki MTE,Hungary,Nemzeti Bajnokság II.
709,Budapest Honvéd FC,Hungary,Nemzeti Bajnokság II.
22516,Budapesti VSC - Zugló,Hungary,Nemzeti Bajnokság II.
6049,Békéscsaba 1912 Elöre SE,Hungary,Nemzeti Bajnokság II.
24012,FC Ajka,Hungary,Nemzeti Bajnokság II.
27399,Karcagi SE,Hungary,Nemzeti Bajnokság II.
12423,Kecskeméti TE,Hungary,Nemzeti Bajnokság II.
24023,Kozármisleny FC,Hungary,Nemzeti Bajnokság II.
24032,Mezőkövesd Zsóry FC,Hungary,Nemzeti Bajnokság II.
14585,Soroksár SC,Hungary,Nemzeti Bajnokság II.
30660,Szeged-Csanád - GA,Hungary,Nemzeti Bajnokság II.
30624,Szentlőrinc SE,Hungary,Nemzeti Bajnokság II.
40173,Tiszakécskei LC,Hungary,Nemzeti Bajnokság II.
5378,Vasas FC,Hungary,Nemzeti Bajnokság II.
11107,Videoton FC Fehérvár,Hungary,Nemzeti Bajnokság II.
17584,Waterford,Ireland,Irish Premier Division
19114,Sassuolo Primavera,Italy,Primavera 1
12130,Torino Primavera,Italy,Primavera 1
27354,Virtus Entella Primavera,Italy,Primavera 2 - A
5,AC Milan,Italy,Serie A
430,ACF Fiorentina,Italy,Serie A
12,AS Roma,Italy,Serie A
800,Atalanta BC,Italy,Serie A
1025,Bologna FC 1909,Italy,Serie A
1390,Cagliari Calcio,Italy,Serie A
1047,Como 1907,Italy,Serie A
252,Genoa CFC,Italy,Serie A
276,Hellas Verona,Italy,Serie A
46,Inter Milan,Italy,Serie A
506,Juventus FC,Italy,Serie A
15795,Napoli,Italy,Serie A
130,Parma Calcio 1913,Italy,Serie A
4172,Pisa Sporting Club,Italy,Serie A
398,SS Lazio,Italy,Serie A
6195,SSC Napoli,Italy,Serie A
416,Torino FC,Italy,Serie A
2239,US Cremonese,Italy,Serie A
1005,US Lecce,Italy,Serie A
6574,US Sassuolo,Italy,Serie A
410,Udinese Calcio,Italy,Serie A
2919,AC Monza,Italy,Serie B
5621,AC Reggiana 1919,Italy,Serie B
3037,Calcio Padova,Italy,Serie B
4159,Carrarese Calcio 1908,Italy,Serie B
1429,Cesena FC,Italy,Serie B
2921,Delfino Pescara 1936,Italy,Serie B
749,FC Empoli,Italy,Serie B
4554,FC Südtirol,Italy,Serie B
8970,Frosinone Calcio,Italy,Serie B
2581,Mantova 1911,Italy,Serie B
1385,Modena FC,Italy,Serie B
458,Palermo FC,Italy,Serie B
5587,SS Juve Stabia,Italy,Serie B
332,SSC Bari,Italy,Serie B
3522,Spezia Calcio,Italy,Serie B
1038,UC Sampdoria,Italy,Serie B
2331,US Avellino 1912,Italy,Serie B
4097,US Catanzaro,Italy,Serie B
607,Venezia FC,Italy,Serie B
20519,Virtus Entella,Italy,Serie B
46619,Arzignano Valchiampo,Italy,Serie C - Girone A
4271,US Triestina,Italy,Serie C - Girone A
4102,AC Carpi,Italy,Serie C - Girone B
4255,SS Arezzo,Italy,Serie C - Girone B
1103,Ternana Calcio,Italy,Serie C - Girone B
1210,US Livorno 1915,Italy,Serie C - Girone B
4171,Benevento Calcio,Italy,Serie C - Girone C
1627,Catania FC,Italy,Serie C - Girone C
4083,FC Crotone,Italy,Serie C - Girone C
4331,FC Trapani 1905,Italy,Serie C - Girone C
380,US Salernitana 1919,Italy,Serie C - Girone C
862,Chievo Verona,Italy,Serie D - Girone B
1387,Siena FC,Italy,Serie D - Girone E
9826,Olbia Calcio 1905,Italy,Serie D - Girone G
19,Brescia Calcio (- 2025),Italy,
1253,Lucchese Calcio,Italy,
2722,SPAL,Italy,
8344,Albirex Niigata,Japan,J1 League
9597,Avispa Fukuoka,Japan,J1 League
1022,Cerezo Osaka,Japan,J1 League
6631,FC Tokyo,Japan,J1 League
22171,Fagiano Okayama,Japan,J1 League
596,Gamba Osaka,Japan,J1 League
2241,Kashima Antlers,Japan,J1 League
6632,Kashiwa Reysol,Japan,J1 League
9598,Kawasaki Frontale,Japan,J1 League
593,Kyoto Sanga,Japan,J1 League
33783,Kyoto Sanga,Japan,J1 League
23568,Machida Zelvia,Japan,J1 League
1066,Nagoya Grampus,Japan,J1 League
2697,Sanfrecce Hiroshima,Japan,J1 League
1062,Shimizu S-Pulse,Japan,J1 League
8457,Shonan Bellmare,Japan,J1 League
3734,Tokyo Verdy,Japan,J1 League
828,Urawa Red Diamonds,Japan,J1 League
3958,Vissel Kobe,Japan,J1 League
3828,Yokohama F. Marinos,Japan,J1 League
943,Yokohama FC,Japan,J1 League
16032,Hokkaido Consadole Sapporo,Japan,J2 League
672,JEF United Chiba,Japan,J2 League
937,Júbilo Iwata,Japan,J2 League
16190,Montedio Yamagata,Japan,J2 League
3935,Oita Trinita,Japan,J2 League
7452,RB Omiya Ardija,Japan,J2 League
22177,Sagan Tosu,Japan,J2 League
17832,Tokushima Vortis,Japan,J2 League
23581,V-Varen Nagasaki,Japan,J2 League
6395,Vegalta Sendai,Japan,J2 League
10999,Ventforet Kofu,Japan,J2 League
6504,Daegu FC,"Korea, South",K League 1
6499,Daejeon Hana Citizen,"Korea, South",K League 1
38898,FC Anyang,"Korea, South",K League 1
6500,FC Seoul,"Korea, South",K League 1
21459,Gangwon FC,"Korea, South",K League 1
6505,Gimcheon Sangmu,"Korea, South",K League 1
30925,Gwangju FC,"Korea, South",K League 1
19684,Jeju SK,"Korea, South",K League 1
6502,Jeonbuk Hyundai Motors,"Korea, South",K League 1
311,Pohang Steelers,"Korea, South",K League 1
31622,Suwon FC,"Korea, South",K League 1
3535,Ulsan HD FC,"Korea, South",K League 1
2996,Incheon United,"Korea, South",K League 2
163,FC Vaduz,Liechtenstein,Challenge League
42382,Panevėžys,Lithuania,Lithuania A Lyga
34836,Pelister,Macedonia,North Macedonia First League
1450,Shkendija,Macedonia,North Macedonia First League
71982,Penang,Malaysia,Malaysia Super League
8590,Atlas Guadalajara,Mexico,Liga MX Apertura
40188,Atlético de San Luis,Mexico,Liga MX Apertura
3711,CD Cruz Azul,Mexico,Liga MX Apertura
3631,CF América,Mexico,Liga MX Apertura
2407,CF Monterrey,Mexico,Liga MX Apertura
4035,CF Pachuca,Mexico,Liga MX Apertura
4941,Club León FC,Mexico,Liga MX Apertura
1146,Club Necaxa,Mexico,Liga MX Apertura
13353,Club Tijuana,Mexico,Liga MX Apertura
6711,Deportivo Guadalajara,Mexico,Liga MX Apertura
1804,Deportivo Toluca,Mexico,Liga MX Apertura
49283,FC Juárez,Mexico,Liga MX Apertura
82696,Mazatlán FC,Mexico,Liga MX Apertura
5662,Puebla FC,Mexico,Liga MX Apertura
4961,Querétaro FC,Mexico,Liga MX Apertura
1403,Santos Laguna,Mexico,Liga MX Apertura
7055,Tigres UANL,Mexico,Liga MX Apertura
7633,UNAM Pumas,Mexico,Liga MX Apertura
30111,Alebrijes de Oaxaca,Mexico,Liga de Expansión MX Clausura
100124,Atlético La Paz,Mexico,Liga de Expansión MX Clausura
4488,CD Irapuato,Mexico,Liga de Expansión MX Clausura
23505,CD Leones Negros de la UdeG,Mexico,Liga de Expansión MX Clausura
13362,CD Tapatío,Mexico,Liga de Expansión MX Clausura
6709,CF Atlante,Mexico,Liga de Expansión MX Clausura
83082,Cancún FC,Mexico,Liga de Expansión MX Clausura
5623,Club Atlético Morelia,Mexico,Liga de Expansión MX Clausura
13354,Correcaminos de la UAT,Mexico,Liga de Expansión MX Clausura
10091,Dorados de Sinaloa,Mexico,Liga de Expansión MX Clausura
44772,Mineros de Zacatecas,Mexico,Liga de Expansión MX Clausura
12728,Tampico Madero,Mexico,Liga de Expansión MX Clausura
64345,Tepatitlán FC,Mexico,Liga de Expansión MX Clausura
42781,Tlaxcala FC,Mexico,Liga de Expansión MX Clausura
18662,Venados FC Yucatán,Mexico,Liga de Expansión MX Clausura
4812,Milsami Orhei,Moldova,Moldova Super Liga
10301,Zimbru,Moldova,Moldova Super Liga
162,AS Monaco,Monaco,Ligue 1
9668,AS Monaco U21,Monaco,
17482,Difaa EL Jadida,Morocco,Morocco Botola Pro
1090,AZ Alkmaar,Netherlands,Eredivisie
6772,AZ Alkmaar,Netherlands,Eredivisie
610,Ajax Amsterdam,Netherlands,Eredivisie
798,Excelsior Rotterdam,Netherlands,Eredivisie
202,FC Groningen,Netherlands,Eredivisie
200,FC Utrecht,Netherlands,Eredivisie
724,FC Volendam,Netherlands,Eredivisie
234,Feyenoord Rotterdam,Netherlands,Eredivisie
385,Fortuna Sittard,Netherlands,Eredivisie
1435,Go Ahead Eagles,Netherlands,Eredivisie
1304,Heracles Almelo,Netherlands,Eredivisie
132,NAC Breda,Netherlands,Eredivisie
467,NEC Nijmegen,Netherlands,Eredivisie
1269,PEC Zwolle,Netherlands,Eredivisie
383,PSV Eindhoven,Netherlands,Eredivisie
306,SC Heerenveen,Netherlands,Eredivisie
1434,SC Telstar,Netherlands,Eredivisie
468,Sparta Rotterdam,Netherlands,Eredivisie
317,Twente Enschede FC,Netherlands,Eredivisie
1268,ADO Den Haag,Netherlands,Keuken Kampioen Divisie
21726,ADO Den Haag,Netherlands,Keuken Kampioen Divisie
11368,AZ Alkmaar U21,Netherlands,Keuken Kampioen Divisie
8817,Ajax Amsterdam U21,Netherlands,Keuken Kampioen Divisie
723,Almere City FC,Netherlands,Keuken Kampioen Divisie
642,De Graafschap Doetinchem,Netherlands,Keuken Kampioen Divisie
404,FC Den Bosch,Netherlands,Keuken Kampioen Divisie
1455,FC Dordrecht,Netherlands,Keuken Kampioen Divisie
3892,FC Eindhoven,Netherlands,Keuken Kampioen Divisie
1283,FC Emmen,Netherlands,Keuken Kampioen Divisie
17596,FC Utrecht U21,Netherlands,Keuken Kampioen Divisie
500,Helmond Sport,Netherlands,Keuken Kampioen Divisie
384,MVV Maastricht,Netherlands,Keuken Kampioen Divisie
9715,PSV Eindhoven U21,Netherlands,Keuken Kampioen Divisie
235,RKC Waalwijk,Netherlands,Keuken Kampioen Divisie
192,Roda JC Kerkrade,Netherlands,Keuken Kampioen Divisie
133,SC Cambuur Leeuwarden,Netherlands,Keuken Kampioen Divisie
1228,TOP Oss,Netherlands,Keuken Kampioen Divisie
1426,VVV-Venlo,Netherlands,Keuken Kampioen Divisie
499,Vitesse Arnhem,Netherlands,Keuken Kampioen Divisie
403,Willem II Tilburg,Netherlands,Keuken Kampioen Divisie
6105,De Graafschap,Netherlands,Netherlands Eerste Divisie
118373,Auckland FC,New Zealand,A-League Men
8445,Wellington Phoenix,New Zealand,A-League Men
2573,Barau FC,Nigeria,Nigeria NPFL
3342,Glenavon FC,Northern Ireland,Israeli Ligat Haal
4720,Dungannon Swifts,Northern Ireland,Moldova Super Liga
1057,Bryne FK,Norway,Eliteserien
501,FK Bodø/Glimt,Norway,Eliteserien
2761,FK Haugesund,Norway,Eliteserien
3837,Fredrikstad FK,Norway,Eliteserien
4309,Hamarkameratene,Norway,Eliteserien
23184,KFUM-Kameratene Oslo,Norway,Eliteserien
21101,Kristiansund BK,Norway,Eliteserien
687,Molde FK,Norway,Eliteserien
195,Rosenborg BK,Norway,Eliteserien
1100,SK Brann,Norway,Eliteserien
6399,Sandefjord Fotball,Norway,Eliteserien
10217,Sarpsborg 08 FF,Norway,Eliteserien
2817,Strømsgodset IF,Norway,Eliteserien
1293,Tromsø IL,Norway,Eliteserien
239,Viking FK,Norway,Eliteserien
76,Vålerenga Fotball Elite,Norway,Eliteserien
5619,Aalesunds FK,Norway,OBOS-ligaen
267,IK Start,Norway,OBOS-ligaen
353,Lillestrøm SK,Norway,OBOS-ligaen
11338,Mjøndalen IF,Norway,OBOS-ligaen
1058,Odds BK,Norway,OBOS-ligaen
1274,Stabæk Fotball,Norway,OBOS-ligaen
13593,2 de Mayo,Paraguay,Paraguay Division Profesional
6603,Sportivo Ameliano,Paraguay,Paraguay Division Profesional
3291,Gornik Leczna,Poland,Betclic 1 Liga
256,LKS Lodz,Poland,Betclic 1 Liga
8936,Miedz Legnica,Poland,Betclic 1 Liga
7976,Polonia Bytom,Poland,Betclic 1 Liga
2745,Polonia Warsaw,Poland,Betclic 1 Liga
28893,Puszcza Niepolomice,Poland,Betclic 1 Liga
318,Ruch Chorzow,Poland,Betclic 1 Liga
759,Slask Wroclaw,Poland,Betclic 1 Liga
22431,Stal Mielec,Poland,Betclic 1 Liga
422,Wisla Kraków,Poland,Betclic 1 Liga
6560,Zaglebie Sosnowiec,Poland,Betclic 2 Liga
6107,Arka Gdynia,Poland,PKO BP Ekstraklasa
15906,Bruk-Bet Termalica Nieciecza,Poland,PKO BP Ekstraklasa
5689,Cracovia,Poland,PKO BP Ekstraklasa
6456,GKS Katowice,Poland,PKO BP Ekstraklasa
428,Górnik Zabrze,Poland,PKO BP Ekstraklasa
2300,Jagiellonia Bialystok,Poland,PKO BP Ekstraklasa
6110,Korona Kielce,Poland,PKO BP Ekstraklasa
238,Lech Poznan,Poland,PKO BP Ekstraklasa
4000,Lechia Gdansk,Poland,PKO BP Ekstraklasa
255,Legia Warszawa,Poland,PKO BP Ekstraklasa
3527,Motor Lublin,Poland,PKO BP Ekstraklasa
6112,Piast Gliwice,Poland,PKO BP Ekstraklasa
324,Pogon Szczecin,Poland,PKO BP Ekstraklasa
7154,Radomiak Radom,Poland,PKO BP Ekstraklasa
9644,Raków Częstochowa,Poland,PKO BP Ekstraklasa
88,Widzew Lodz,Poland,PKO BP Ekstraklasa
2118,Wisla Plock,Poland,PKO BP Ekstraklasa
168,Zaglebie Lubin,Poland,PKO BP Ekstraklasa
1436,SC Beira-Mar,Portugal,Campeonato de Portugal - Série B
2990,Académica Coimbra,Portugal,Liga 3
5227,Atlético CP,Portugal,Liga 3
68608,CF Os Belenenses,Portugal,Liga 3
110302,Avs Futebol,Portugal,Liga Portugal
982,CD Nacional,Portugal,Liga Portugal
2423,CD Santa Clara,Portugal,Liga Portugal
7179,CD Tondela,Portugal,Liga Portugal
2431,CF Estrela Amadora,Portugal,Liga Portugal
3268,Casa Pia AC,Portugal,Liga Portugal
2521,FC Alverca,Portugal,Liga Portugal
8024,FC Arouca,Portugal,Liga Portugal
3329,FC Famalicão,Portugal,Liga Portugal
720,FC Porto,Portugal,Liga Portugal
1465,GD Estoril Praia,Portugal,Liga Portugal
2424,Gil Vicente FC,Portugal,Liga Portugal
979,Moreirense FC,Portugal,Liga Portugal
2425,Rio Ave FC,Portugal,Liga Portugal
1075,SC Braga,Portugal,Liga Portugal
294,SL Benfica,Portugal,Liga Portugal
336,Sporting CP,Portugal,Liga Portugal
2420,Vitória Guimarães SC,Portugal,Liga Portugal
7788,Académico Viseu FC,Portugal,Liga Portugal 2
3349,CD Feirense,Portugal,Liga Portugal 2
1301,CS Marítimo,Portugal,Liga Portugal 2
663,Chaves,Portugal,Liga Portugal 2
1701,FC Felgueiras 1932,Portugal,Liga Portugal 2
2995,FC Paços de Ferreira,Portugal,Liga Portugal 2
3327,FC Penafiel,Portugal,Liga Portugal 2
10331,FC Porto B,Portugal,Liga Portugal 2
6912,FC Vizela,Portugal,Liga Portugal 2
3325,GD Chaves,Portugal,Liga Portugal 2
3345,Leixões SC,Portugal,Liga Portugal 2
8189,Lusitânia FC Lourosa,Portugal,Liga Portugal 2
7378,Portimonense SAD,Portugal,Liga Portugal 2
4294,SC Farense,Portugal,Liga Portugal 2
2432,SC União Torreense,Portugal,Liga Portugal 2
10330,SL Benfica B,Portugal,Liga Portugal 2
10949,Sporting CP B,Portugal,Liga Portugal 2
2639,UD Leiria,Portugal,Liga Portugal 2
8827,UD Oliveirense,Portugal,Liga Portugal 2
91910,FC Vizela U23,Portugal,Liga Revelação U23
67731,Portimonense SAD U23,Portugal,Liga Revelação U23
2457,B SAD,Portugal,
2503,Boavista FC,Portugal,
976,CF União Madeira (-2021),Portugal,
3336,Desportivo Aves (- 2020),Portugal,
4750,SC Olhanense,Portugal,
1085,Vitória Setúbal FC,Portugal,
3612,Al-Ahli SC,Qatar,Qatar Stars League
1230,Al-Arabi SC,Qatar,Qatar Stars League
26091,Al-Duhail SC,Qatar,Qatar Stars League
6297,Al-Gharafa SC,Qatar,Qatar Stars League
3229,Al-Rayyan SC,Qatar,Qatar Stars League
656,Al-Sadd SC,Qatar,Qatar Stars League
4630,Al-Sailiya SC,Qatar,Qatar Stars League
34694,Al-Shahania SC,Qatar,Qatar Stars League
10775,Al-Shamal SC,Qatar,Qatar Stars League
13509,Al-Wakrah SC,Qatar,Qatar Stars League
965,Qatar SC,Qatar,Qatar Stars League
10920,Umm Salal SC,Qatar,Qatar Stars League
40812,Universitatea Craiova,Romania,Austria 2 Liga
9465,Petrolul Ploiesti,Romania,Bulgarian First League
952,UTA Arad,Romania,Denmark 1. Division
8818,FC Botosani,Romania,Germany 2 Bundesliga
13598,Dinamo Bucuresti,Romania,Liga I
301,FCSB,Romania,Liga I
2524,Universitatea Craiova,Romania,Liga I
3729,Arsenal Tula,Russia,1.Division
28095,FC Ufa,Russia,1.Division
1124,Fakel Voronezh,Russia,1.Division
3609,Rotor Volgograd,Russia,1.Division
2374,Shinnik Yaroslavl,Russia,1.Division
3834,Sokol Saratov,Russia,1.Division
1186,Torpedo Moscow,Russia,1.Division
11127,Ural Yekaterinburg,Russia,1.Division
4128,Amkar Perm,Russia,2. Division B
3690,SKA Khabarovsk,Russia,Bolivia Primera Division
3725,Akhmat Grozny,Russia,Premier Liga
71985,Akron Togliatti,Russia,Premier Liga
2741,Baltika Kaliningrad,Russia,Premier Liga
2410,CSKA Moscow,Russia,Premier Liga
75231,Dinamo Makhachkala,Russia,Premier Liga
121,Dynamo Moscow,Russia,Premier Liga
16704,FC Krasnodar,Russia,Premier Liga
14589,FC Orenburg,Russia,Premier Liga
49702,FC Pari Nizhniy Novgorod,Russia,Premier Liga
1083,FC Rostov,Russia,Premier Liga
41231,FC Sochi,Russia,Premier Liga
2696,Krylya Sovetov Samara,Russia,Premier Liga
932,Lokomotiv Moscow,Russia,Premier Liga
2698,Rubin Kazan,Russia,Premier Liga
232,Spartak Moscow,Russia,Premier Liga
964,Zenit St. Petersburg,Russia,Premier Liga
2730,Dynamo,Russia,Russia Premier League
2700,Anzhi Makhachkala,Russia,
3719,FC Khimki (-2025),Russia,
2439,Kuban Krasnodar (-2018),Russia,
11126,Mordovia Saransk (-2020),Russia,
41201,PFK Tambov (-2021),Russia,
2703,Spartak Vladikavkaz (-2020),Russia,
3691,Tom Tomsk (-2023),Russia,
2729,Al-Fateh,Saudi Arabia,Saudi Pro League
1270,Dunfermline Athletic FC,Scotland,Scottish Championship
2760,Partick Thistle FC,Scotland,Scottish Championship
2759,Ross County FC,Scotland,Scottish Championship
2578,St. Johnstone FC,Scotland,Scottish Championship
2999,Hamilton Academical FC,Scotland,Scottish League One
2451,Inverness Caledonian Thistle FC,Scotland,Scottish League One
370,Aberdeen FC,Scotland,Scottish Premiership
371,Celtic FC,Scotland,Scottish Premiership
511,Dundee FC,Scotland,Scottish Premiership
1519,Dundee United FC,Scotland,Scottish Premiership
1191,Falkirk FC,Scotland,Scottish Premiership
43,Heart of Midlothian FC,Scotland,Scottish Premiership
903,Hibernian FC,Scotland,Scottish Premiership
2553,Kilmarnock FC,Scotland,Scottish Premiership
1241,Livingston FC,Scotland,Scottish Premiership
987,Motherwell FC,Scotland,Scottish Premiership
124,Rangers FC,Scotland,Scottish Premiership
465,St. Mirren FC,Scotland,Scottish Premiership
53,OFK Beograd,Serbia,Super Liga
2781,FC Petrzalka,Slovakia,MONACObet liga
12005,FC ViOn Zlate Moravce-Vrable,Slovakia,MONACObet liga
38269,FK Pohronie,Slovakia,MONACObet liga
216,Inter Bratislava,Slovakia,MONACObet liga
20758,MFK Dukla Banska Bystrica,Slovakia,MONACObet liga
2779,MSK Puchov,Slovakia,MONACObet liga
20611,Tatran Liptovsky Mikulas,Slovakia,MONACObet liga
7918,AS Trencin,Slovakia,Niké Liga
4529,DAC Dunajska Streda,Slovakia,Niké Liga
51316,FC Kosice,Slovakia,Niké Liga
4531,FC Tatran Presov,Slovakia,Niké Liga
32314,KFC Komarno,Slovakia,Niké Liga
7087,MFK Ruzomberok,Slovakia,Niké Liga
35488,MFK Skalica,Slovakia,Niké Liga
1443,MSK Zilina,Slovakia,Niké Liga
540,Slovan Bratislava,Slovakia,Niké Liga
365,Spartak Trnava,Slovakia,Niké Liga
20063,Zeleziarne Podbrezova,Slovakia,Niké Liga
13744,Zemplin Michalovce,Slovakia,Niké Liga
119,Valladolid,Spain,Armenia Premier League
621,Athletic Bilbao,Spain,LaLiga
13,Atlético de Madrid,Spain,LaLiga
331,CA Osasuna,Spain,LaLiga
940,Celta de Vigo,Spain,LaLiga
1108,Deportivo Alavés,Spain,LaLiga
1531,Elche CF,Spain,LaLiga
131,FC Barcelona,Spain,LaLiga
3709,Getafe CF,Spain,LaLiga
12321,Girona FC,Spain,LaLiga
3368,Levante UD,Spain,LaLiga
714,RCD Espanyol Barcelona,Spain,LaLiga
237,RCD Mallorca,Spain,LaLiga
367,Rayo Vallecano,Spain,LaLiga
150,Real Betis Balompié,Spain,LaLiga
418,Real Madrid,Spain,LaLiga
2497,Real Oviedo,Spain,LaLiga
681,Real Sociedad,Spain,LaLiga
368,Sevilla FC,Spain,LaLiga
1049,Valencia CF,Spain,LaLiga
1050,Villarreal CF,Spain,LaLiga
8568,AD Ceuta FC,Spain,LaLiga2
1532,Albacete Balompié,Spain,LaLiga2
1536,Burgos CF,Spain,LaLiga2
2502,CD Castellón,Spain,LaLiga2
1244,CD Leganés,Spain,LaLiga2
13222,CD Mirandés,Spain,LaLiga2
4542,Cultural Leonesa,Spain,LaLiga2
2687,Cádiz CF,Spain,LaLiga2
993,Córdoba CF,Spain,LaLiga2
897,Deportivo de La Coruña,Spain,LaLiga2
16795,Granada CF,Spain,LaLiga2
1084,Málaga CF,Spain,LaLiga2
630,Racing Santander,Spain,LaLiga2
9899,Real Sociedad B,Spain,LaLiga2
366,Real Valladolid CF,Spain,LaLiga2
142,Real Zaragoza,Spain,LaLiga2
1533,SD Eibar,Spain,LaLiga2
5358,SD Huesca,Spain,LaLiga2
2448,Sporting Gijón,Spain,LaLiga2
3302,UD Almería,Spain,LaLiga2
472,UD Las Palmas,Spain,LaLiga2
8733,RC Celta Fortuna,Spain,Primera Federación - Grupo I
1176,Racing Ferrol,Spain,Primera Federación - Grupo I
3679,Atlético Madrileño,Spain,Primera Federación - Grupo II
12567,CD Eldense,Spain,Primera Federación - Grupo II
7971,Hércules CF,Spain,Primera Federación - Grupo II
2296,CD Numancia,Spain,Segunda Federación - Grupo I
24420,UD Logroñés,Spain,Segunda Federación - Grupo II
2464,FC Barcelona Atlètic,Spain,Segunda Federación - Grupo III
5649,Atlético Malagueño,Spain,Segunda Federación - Grupo IV
2867,Recreativo Huelva,Spain,Segunda Federación - Grupo IV
21337,Yeclano Deportivo,Spain,Segunda Federación - Grupo IV
24971,Albacete,Spain,Spain Segunda Division
21550,Recreativo Granada,Spain,
272,AIK,Sweden,Allsvenskan
14083,AIK Stockholm,Sweden,Allsvenskan
1109,BK Häcken,Sweden,Allsvenskan
3641,Degerfors IF,Sweden,Allsvenskan
1044,Djurgårdens IF,Sweden,Allsvenskan
7009,GAIS,Sweden,Allsvenskan
1011,Halmstads BK,Sweden,Allsvenskan
1059,Hammarby IF,Sweden,Allsvenskan
1092,IF Brommapojkarna,Sweden,Allsvenskan
1101,IF Elfsborg,Sweden,Allsvenskan
801,IFK Göteborg,Sweden,Allsvenskan
2844,IFK Norrköping,Sweden,Allsvenskan
3622,IFK Värnamo,Sweden,Allsvenskan
7945,IK Sirius,Sweden,Allsvenskan
496,Malmö FF,Sweden,Allsvenskan
2719,Mjällby AIF,Sweden,Allsvenskan
1236,Östers IF,Sweden,Allsvenskan
2843,GIF Sundsvall,Sweden,Superettan
699,Helsingborgs IF,Sweden,Superettan
3654,Kalmar FF,Sweden,Superettan
2294,Landskrona BoIS,Sweden,Superettan
701,Trelleborgs FF,Sweden,Superettan
10507,Varbergs BoIS,Sweden,Superettan
5202,Västerås SK,Sweden,Superettan
1056,Örebro SK,Sweden,Superettan
1118,Örgryte IS,Sweden,Superettan
9614,Östersunds FK,Sweden,Superettan
81455,IFK Varnamo,Sweden,Sweden Superettan
25381,Oddevold,Sweden,Sweden Superettan
2047,AC Bellinzona,Switzerland,Challenge League
1292,Etoile Carouge FC,Switzerland,Challenge League
116,FC Aarau,Switzerland,Challenge League
8463,FC Rapperswil-Jona,Switzerland,Challenge League
5507,FC Stade Nyonnais,Switzerland,Challenge League
5499,FC Stade-Lausanne-Ouchy,Switzerland,Challenge League
850,FC Wil 1900,Switzerland,Challenge League
625,Neuchâtel Xamax FCS,Switzerland,Challenge League
322,Yverdon Sport FC,Switzerland,Challenge League
452,BSC Young Boys,Switzerland,Super League
26,FC Basel 1893,Switzerland,Super League
527,FC Lausanne-Sport,Switzerland,Super League
2790,FC Lugano,Switzerland,Super League
434,FC Luzern,Switzerland,Super League
321,FC Sion,Switzerland,Super League
257,FC St. Gallen 1879,Switzerland,Super League
938,FC Thun,Switzerland,Super League
242,FC Winterthur,Switzerland,Super League
260,FC Zürich,Switzerland,Super League
504,Grasshopper Club Zurich,Switzerland,Super League
61,Servette FC,Switzerland,Super League
4131,Simba,Tanzania,Tanzania Premier League
105806,Chonburi FC,Thailand,Thailand Thai League 1
45193,CS Sfaxien,Tunisia,Tunisia Ligue 1
3840,Adana Demirspor,Türkiye,1.Lig
54291,Adana Demirspor,Türkiye,1.Lig
12382,Amed SK,Türkiye,1.Lig
12388,Ankara Keciörengücü,Türkiye,1.Lig
20760,Bandirmaspor,Türkiye,1.Lig
44006,Bodrum FK,Türkiye,1.Lig
3207,Boluspor,Türkiye,1.Lig
37951,Corum FK,Türkiye,1.Lig
39722,Erzurumspor FK,Türkiye,1.Lig
45269,Esenler Erokspor,Türkiye,1.Lig
7775,Hatayspor,Türkiye,1.Lig
74664,Igdir FK,Türkiye,1.Lig
924,Istanbulspor,Türkiye,1.Lig
48913,Manisa FK,Türkiye,1.Lig
3209,Pendikspor,Türkiye,1.Lig
2463,Sakaryaspor,Türkiye,1.Lig
518,Sariyer,Türkiye,1.Lig
50845,Serik Spor,Türkiye,1.Lig
2381,Sivasspor,Türkiye,1.Lig
85501,Sivasspor,Türkiye,1.Lig
3173,Van Spor FK,Türkiye,1.Lig
24245,Ümraniyespor,Türkiye,1.Lig
2292,Elazigspor,Türkiye,2.Lig Beyaz
868,MKE Ankaragücü,Türkiye,2.Lig Beyaz
2944,Sincan Belediyesi Ankaraspor,Türkiye,2.Lig Beyaz
6,Adanaspor,Türkiye,2.Lig Kirmizi
20,Bursaspor,Türkiye,2.Lig Kirmizi
19789,Yeni Malatyaspor,Türkiye,2.Lig Kirmizi
11688,Giresunspor,Türkiye,3.Lig Grup 3
2375,Altay SK,Türkiye,3.Lig Grup 4
20698,Balikesirspor,Türkiye,3.Lig Grup 4
825,Eskisehirspor,Türkiye,3.Lig Grup 4
11282,Alanyaspor,Türkiye,Süper Lig
589,Antalyaspor,Türkiye,Süper Lig
6890,Basaksehir FK,Türkiye,Süper Lig
114,Besiktas JK,Türkiye,Süper Lig
126,Caykur Rizespor,Türkiye,Süper Lig
7160,Eyüpspor,Türkiye,Süper Lig
6646,Fatih Karagümrük,Türkiye,Süper Lig
36,Fenerbahce,Türkiye,Süper Lig
141,Galatasaray,Türkiye,Süper Lig
2832,Gaziantep FK,Türkiye,Süper Lig
820,Genclerbirligi Ankara,Türkiye,Süper Lig
1467,Göztepe,Türkiye,Süper Lig
10484,Kasimpasa,Türkiye,Süper Lig
3205,Kayserispor,Türkiye,Süper Lig
120,Kocaelispor,Türkiye,Süper Lig
2293,Konyaspor,Türkiye,Süper Lig
152,Samsunspor,Türkiye,Süper Lig
449,Trabzonspor,Türkiye,Süper Lig
19771,Akhisarspor,Türkiye,
833,Denizlispor,Türkiye,
524,Gaziantepspor (-2020),Türkiye,
1506,Kardemir Karabükspor,Türkiye,
6894,Kayseri Erciyesspor,Türkiye,
3216,Mersin Talimyurdu SK,Türkiye,
2323,Orduspor,Türkiye,
515,Ajman,UAE,UAE Pro League
23287,Inter Miami,USA,MLS
6992,Chornomorets Odesa,Ukraine,Persha Liga
49364,Ingulets Petrove,Ukraine,Persha Liga
86209,Livyi Bereg Kyiv,Ukraine,Persha Liga
83678,Metalist Kharkiv,Ukraine,Persha Liga
2740,Vorskla Poltava,Ukraine,Persha Liga
338,Dynamo Kyiv,Ukraine,Premier Liga
84122,Epicentr Kamyanets-Podilskyi,Ukraine,Premier Liga
87883,FC Kudrivka,Ukraine,Premier Liga
18303,FC Oleksandriya,Ukraine,Premier Liga
85465,Karpaty Lviv,Ukraine,Premier Liga
48332,Kolos Kovalivka,Ukraine,Premier Liga
3592,Kryvbas Kryvyi Rig,Ukraine,Premier Liga
63007,LNZ Cherkasy,Ukraine,Premier Liga
55686,Metalist 1925 Kharkiv,Ukraine,Premier Liga
26459,NK Veres Rivne,Ukraine,Premier Liga
39097,Obolon Kyiv,Ukraine,Premier Liga
53646,Polissya Zhytomyr,Ukraine,Premier Liga
48726,Rukh Lviv,Ukraine,Premier Liga
81401,SC Poltava,Ukraine,Premier Liga
660,Shakhtar Donetsk,Ukraine,Premier Liga
10690,Zorya Lugansk,Ukraine,Premier Liga
36256,Metalurh Zaporizhya,Ukraine,Ukraine Persha Liga
9007,Arsenal Kyiv ( -2019),Ukraine,
16239,Desna Chernigiv,Ukraine,
339,Dnipro Dnipropetrovsk (- 2020),Ukraine,
6993,FC Mariupol,Ukraine,
61825,FC Minaj,Ukraine,
16245,FC Sevastopol (- 2014),Ukraine,
6996,Goverla Uzhgorod (- 2016),Ukraine,
2477,Karpaty Lviv (-2021),Ukraine,
6414,Metalist Kharkiv (- 2016),Ukraine,
2783,Metalurg Donetsk (- 2015),Ukraine,
6994,Metalurg Zaporizhya (-2016),Ukraine,
23611,Olimpik Donetsk ( - 2021),Ukraine,
18105,PFC Lviv,Ukraine,
16247,PFC Stal Kamyanske (-2018),Ukraine,
60551,SC Dnipro-1 ( - 2024),Ukraine,
2227,SC Tavriya Simferopol (-2022),Ukraine,
4482,Volyn Lutsk,Ukraine,
8838,Zirka Kropyvnytskyi,Ukraine,
64328,Atlanta United 2,United States,MLS Next Pro
102400,Los Angeles FC 2,United States,MLS Next Pro
39815,New York Red Bulls II,United States,MLS Next Pro
71021,North Texas SC,United States,MLS Next Pro
45806,Real Monarchs SLC,United States,MLS Next Pro
95339,St. Louis CITY SC 2,United States,MLS Next Pro
51663,Atlanta United FC,United States,Major League Soccer
72309,Austin FC,United States,Major League Soccer
78435,Charlotte FC,United States,Major League Soccer
432,Chicago Fire FC,United States,Major League Soccer
1247,Colorado Rapids,United States,Major League Soccer
813,Columbus Crew,United States,Major League Soccer
2440,D.C. United,United States,Major League Soccer
51772,FC Cincinnati,United States,Major League Soccer
8816,FC Dallas,United States,Major League Soccer
9168,Houston Dynamo FC,United States,Major League Soccer
69261,Inter Miami CF,United States,Major League Soccer
51828,Los Angeles FC,United States,Major League Soccer
1061,Los Angeles Galaxy,United States,Major League Soccer
56089,Minnesota United FC,United States,Major League Soccer
63966,Nashville SC,United States,Major League Soccer
626,New England Revolution,United States,Major League Soccer
40058,New York City FC,United States,Major League Soccer
623,New York Red Bulls,United States,Major League Soccer
45604,Orlando City SC,United States,Major League Soccer
25467,Philadelphia Union,United States,Major League Soccer
4291,Portland Timbers,United States,Major League Soccer
6643,Real Salt Lake City,United States,Major League Soccer
114977,San Diego FC,United States,Major League Soccer
218,San Jose Earthquakes,United States,Major League Soccer
9636,Seattle Sounders FC,United States,Major League Soccer
4284,Sporting Kansas City,United States,Major League Soccer
82686,St. Louis CITY SC,United States,Major League Soccer
64480,Birmingham Legion FC,United States,USL Championship
45805,Colorado Springs Switchbacks FC,United States,USL Championship
67375,El Paso Locomotive FC,United States,USL Championship
62204,Las Vegas Lights FC,United States,USL Championship
68031,Loudoun United FC,United States,USL Championship
46316,Louisville City FC,United States,USL Championship
42814,Miami FC,United States,USL Championship
70056,New Mexico United,United States,USL Championship
69044,Oakland Roots SC,United States,USL Championship
33414,Phoenix Rising FC,United States,USL Championship
4290,Pittsburgh Riverhounds SC,United States,USL Championship
103722,Rhode Island FC,United States,USL Championship
40835,Sacramento Republic FC,United States,USL Championship
52910,San Antonio FC,United States,USL Championship
23565,Tampa Bay Rowdies,United States,USL Championship
119858,AV Alta FC,United States,USL League One
120328,FC Naples,United States,USL League One
102031,One Knoxville SC,United States,USL League One
59048,Club Nacional,Uruguay,Uruguay Primera Division
13950,Bunyodkor,Uzbekistan,Uzbekistan Super League
12004,Nasaf,Uzbekistan,Uzbekistan Super League
5223,Trujillanos FC,Venezuela,Venezuela Primera Division
2288,Swansea City,Wales,Championship
1112,Wrexham AFC,Wales,Championship
603,Cardiff City,Wales,League One
44382,Bala Town,Wales,Wales Premier League
1076,Cardiff MET,Wales,Wales Premier League
28956,AEL Kalloni,,A-League
37255,FK Csikszereda Miercurea Ciuc,,Albania Superliga
4645,FK Radnicki 1923 Kragujevac,,Albania Superliga
20887,FK Jedinstvo Ub,,Allsvenskan
448,FK Vojvodina Novi Sad,,Argentine Primera Nacional
29700,AFC Unirea 04 Slobozia,,Austria 2 Liga
4959,SC Otelul Galati,,Belarus Premier League
4633,FK Novi Pazar,,Belgium Challenger Pro League
33328,FK Radnik Surdulica,,Belgium Challenger Pro League
22902,Alianza FC,,Bolivia Primera Division
34911,Neom Sports Club,,Bolivia Primera Division
14649,Boyacá Chicó FC,,Bosnia Premijer Liga
159,Red Star Belgrade,,Brazil Paulista A1
22381,Al-Raed SFC,,Brazil Serie B
12438,Volga Nizhniy Novgorod (- 2016),,Bulgarian First League
6070,Al-Khaleej Club (Saihat),,Bundesliga
91427,Al-Kholood Club,,Chile Primera Division
11380,ASFC Buzau (2016-2025),,Colombia Primera A
788,FK Napredak Krusevac,,Colombia Primera A
6495,Atlético Bucaramanga,,Czech Liga
29831,FCV Farul Constanta,,Denmark 1. Division
15276,FK Spartak Subotica,,Denmark Superliga
38628,Llaneros FC,,Ekstraklasa
10093,Independiente Medellín,,Eliteserien
8172,Atlético Nacional,,England League One
39536,Al-Orobah FC,,England League Two
2352,CD América de Cali,,Eredivisie
312,FC Dinamo 1948,,Estonia Meistriliiga
3714,Enisey Krasnoyarsk,,Finland Veikkausliiga
11648,Independiente Santa Fe,,France Ligue 2
15758,Valenciennes,,France Ligue 2
17425,Internacional de Bogotá,,Irish Premier Division
40426,FC Tosno (-2018),,Israeli Ligat Haal
10090,Asociación Deportivo Pasto,,Italy Serie B
2350,Millonarios FC,,K League 1
21551,Suwon Bluewings,,K League 1
54585,Sepsi OSK Sf. Gheorghe,,Kazakhstan Premier League
9840,Al-Shabab Club,,La Liga
6621,FK Cukaricki,,La Liga
50532,Damac Football Club,,Latvia Virsliga
41278,ACSC FC Arges,,Liga I
7769,CFR Cluj,,Liga I
455,FC Rapid 1923,,Liga Portugal 2
32113,FK IMT Belgrad,,Ligue 1
72710,Wiltz,,Luxembourg National Division
26069,Al-Qadsiah Saudi Football Club,,MLS
669,FK Partizan Belgrade,,MLS
35101,Melita,,Malta Premier League
49149,Floreşti,,Moldova Super Liga
32041,Fortaleza CEIF,,Morocco Botola Pro
35759,Bucheon Football Club 1995,,NB I
8819,FK Javor-Matis Ivanjica,,Netherlands Eerste Divisie
14680,Unión Magdalena,,Netherlands Eerste Divisie
33966,ACSM Politehnica Iasi,,Primeira Liga
1114,Al-Hilal Saudi Football Club,,Primeira Liga
71665,Al-Okhdood Club,,Saudi Pro League
58049,FC Hermannstadt,,Saudi Pro League
18544,Al-Nassr Football Club,,Scotland Premiership
11854,Junior FC,,Spain Segunda Division
118989,Altınordu,,Turkey 1 Lig
6028,Dinaz Vyshhorod,,Ukraine Persha Liga
9131,Al-Hazem Sport Club,,Vietnam V League 1
18487,Al-Ahli Saudi Football Club,,
7732,Al-Ettifaq Football Club,,
27221,Al-Fateh Club,,
50531,Al-Fayha FC,,
8023,Al-Ittihad Football Club,,
32328,Al-Najma Sport Club,,
31008,Al-Riyadh Saudi Club,,
28844,Al-Taawoun Football Club,,
17209,Al-Wehda FC,,
1002,Club 1002,,
100459,Club 100459,,
100692,Club 100692,,
1008,Club 1008,,
100840,Club 100840,,
100967,Club 100967,,
101189,Club 101189,,
101331,Club 101331,,
101333,Club 101333,,
10157,Club 10157,,
1017,Club 1017,,
101831,Club 101831,,
102579,Club 102579,,
102582,Club 102582,,
10262,Club 10262,,
103329,Club 103329,,
1034,Club 1034,,
104518,Club 104518,,
10481,Club 10481,,
10482,Club 10482,,
10540,Club 10540,,
105799,Club 105799,,
10586,Club 10586,,
105892,Club 105892,,
105908,Club 105908,,
10603,Club 10603,,
10604,Club 10604,,
10605,Club 10605,,
10607,Club 10607,,
10613,Club 10613,,
10617,Club 10617,,
10618,Club 10618,,
10619,Club 10619,,
10632,Club 10632,,
1064,Club 1064,,
10663,Club 10663,,
10694,Club 10694,,
107095,Club 107095,,
10721,Club 10721,,
10741,Club 10741,,
10746,Club 10746,,
10747,Club 10747,,
10755,Club 10755,,
10756,Club 10756,,
10854,Club 10854,,
108741,Club 108741,,
11004,Club 11004,,
11040,Club 11040,,
110447,Club 110447,,
11061,Club 11061,,
11065,Club 11065,,
111366,Club 111366,,
11167,Club 11167,,
112499,Club 112499,,
1127,Club 1127,,
112993,Club 112993,,
113294,Club 113294,,
113627,Club 113627,,
113990,Club 113990,,
11407,Club 11407,,
11411,Club 11411,,
114373,Club 114373,,
11479,Club 11479,,
11540,Club 11540,,
116570,Club 116570,,
1167,Club 1167,,
11698,Club 11698,,
1178,Club 1178,,
1180,Club 1180,,
118031,Club 118031,,
118098,Club 118098,,
1189,Club 1189,,
11912,Club 11912,,
11979,Club 11979,,
120423,Club 120423,,
121327,Club 121327,,
1214,Club 1214,,
1226,Club 1226,,
12275,Club 12275,,
122966,Club 122966,,
123,Club 123,,
123042,Club 123042,,
12346,Club 12346,,
12363,Club 12363,,
124551,Club 124551,,
12460,Club 12460,,
124900,Club 124900,,
12534,Club 12534,,
125436,Club 125436,,
12561,Club 12561,,
125790,Club 125790,,
12668,Club 12668,,
126682,Club 126682,,
126971,Club 126971,,
127001,Club 127001,,
12717,Club 12717,,
12774,Club 12774,,
128296,Club 128296,,
128297,Club 128297,,
12834,Club 12834,,
128428,Club 128428,,
128970,Club 128970,,
129326,Club 129326,,
12935,Club 12935,,
13025,Club 13025,,
13047,Club 13047,,
1306,Club 1306,,
130648,Club 130648,,
130941,Club 130941,,
131292,Club 131292,,
131491,Club 131491,,
132261,Club 132261,,
132449,Club 132449,,
132783,Club 132783,,
132785,Club 132785,,
13293,Club 13293,,
13297,Club 13297,,
13306,Club 13306,,
133140,Club 133140,,
13364,Club 13364,,
13365,Club 13365,,
13366,Club 13366,,
133914,Club 133914,,
133998,Club 133998,,
13446,Club 13446,,
135036,Club 135036,,
13504,Club 13504,,
13505,Club 13505,,
13508,Club 13508,,
13519,Club 13519,,
13592,Club 13592,,
135934,Club 135934,,
13594,Club 13594,,
13595,Club 13595,,
13599,Club 13599,,
13613,Club 13613,,
136150,Club 136150,,
136267,Club 136267,,
136989,Club 136989,,
138189,Club 138189,,
139087,Club 139087,,
13942,Club 13942,,
13948,Club 13948,,
13960,Club 13960,,
13961,Club 13961,,
13965,Club 13965,,
13969,Club 13969,,
14078,Club 14078,,
14082,Club 14082,,
14091,Club 14091,,
14092,Club 14092,,
14099,Club 14099,,
14103,Club 14103,,
14104,Club 14104,,
14105,Club 14105,,
14107,Club 14107,,
14112,Club 14112,,
14117,Club 14117,,
141395,Club 141395,,
14157,Club 14157,,
14178,Club 14178,,
14187,Club 14187,,
14191,Club 14191,,
142237,Club 142237,,
142301,Club 142301,,
14320,Club 14320,,
14413,Club 14413,,
14456,Club 14456,,
14466,Club 14466,,
14555,Club 14555,,
14596,Club 14596,,
1464,Club 1464,,
14682,Club 14682,,
14939,Club 14939,,
15000,Club 15000,,
15103,Club 15103,,
15299,Club 15299,,
15300,Club 15300,,
15309,Club 15309,,
15310,Club 15310,,
15367,Club 15367,,
15400,Club 15400,,
15511,Club 15511,,
156,Club 156,,
15630,Club 15630,,
15720,Club 15720,,
15724,Club 15724,,
15729,Club 15729,,
15742,Club 15742,,
15744,Club 15744,,
15746,Club 15746,,
15748,Club 15748,,
15796,Club 15796,,
15817,Club 15817,,
15831,Club 15831,,
15838,Club 15838,,
15879,Club 15879,,
15896,Club 15896,,
15926,Club 15926,,
15931,Club 15931,,
15965,Club 15965,,
15969,Club 15969,,
15974,Club 15974,,
15980,Club 15980,,
16017,Club 16017,,
16043,Club 16043,,
161,Club 161,,
16138,Club 16138,,
16198,Club 16198,,
16214,Club 16214,,
16543,Club 16543,,
16663,Club 16663,,
16779,Club 16779,,
17004,Club 17004,,
1708,Club 1708,,
17149,Club 17149,,
17422,Club 17422,,
17479,Club 17479,,
17499,Club 17499,,
17676,Club 17676,,
17686,Club 17686,,
17836,Club 17836,,
18018,Club 18018,,
18034,Club 18034,,
18102,Club 18102,,
18324,Club 18324,,
1839,Club 1839,,
184,Club 184,,
18458,Club 18458,,
18574,Club 18574,,
18577,Club 18577,,
18578,Club 18578,,
18579,Club 18579,,
18659,Club 18659,,
18754,Club 18754,,
18777,Club 18777,,
18778,Club 18778,,
18792,Club 18792,,
18820,Club 18820,,
18952,Club 18952,,
19006,Club 19006,,
19008,Club 19008,,
19066,Club 19066,,
19294,Club 19294,,
19309,Club 19309,,
19622,Club 19622,,
19662,Club 19662,,
19984,Club 19984,,
20054,Club 20054,,
20099,Club 20099,,
20115,Club 20115,,
2038,Club 2038,,
2049,Club 2049,,
20572,Club 20572,,
20591,Club 20591,,
2068,Club 2068,,
20759,Club 20759,,
2077,Club 2077,,
20830,Club 20830,,
20879,Club 20879,,
20903,Club 20903,,
20952,Club 20952,,
20960,Club 20960,,
21202,Club 21202,,
21234,Club 21234,,
2150,Club 2150,,
21515,Club 21515,,
2156,Club 2156,,
21600,Club 21600,,
21655,Club 21655,,
21817,Club 21817,,
220,Club 220,,
22010,Club 22010,,
2225,Club 2225,,
22260,Club 22260,,
22308,Club 22308,,
22555,Club 22555,,
2259,Club 2259,,
22783,Club 22783,,
22835,Club 22835,,
22838,Club 22838,,
22944,Club 22944,,
22995,Club 22995,,
2303,Club 2303,,
23285,Club 23285,,
23297,Club 23297,,
23371,Club 23371,,
23468,Club 23468,,
23472,Club 23472,,
23559,Club 23559,,
23777,Club 23777,,
23805,Club 23805,,
23806,Club 23806,,
24051,Club 24051,,
24078,Club 24078,,
24139,Club 24139,,
2433,Club 2433,,
24349,Club 24349,,
24350,Club 24350,,
2445,Club 2445,,
2468,Club 2468,,
2470,Club 2470,,
24724,Club 24724,,
2481,Club 2481,,
24832,Club 24832,,
250,Club 250,,
25058,Club 25058,,
25059,Club 25059,,
253,Club 253,,
2531,Club 2531,,
25383,Club 25383,,
25444,Club 25444,,
25445,Club 25445,,
25449,Club 25449,,
25451,Club 25451,,
2557,Club 2557,,
25654,Club 25654,,
25655,Club 25655,,
25926,Club 25926,,
25927,Club 25927,,
26115,Club 26115,,
26116,Club 26116,,
2619,Club 2619,,
26199,Club 26199,,
26246,Club 26246,,
26261,Club 26261,,
26351,Club 26351,,
26462,Club 26462,,
26468,Club 26468,,
26645,Club 26645,,
26648,Club 26648,,
2677,Club 2677,,
26985,Club 26985,,
27070,Club 27070,,
27092,Club 27092,,
27114,Club 27114,,
27118,Club 27118,,
2714,Club 2714,,
2720,Club 2720,,
2734,Club 2734,,
27786,Club 27786,,
2784,Club 2784,,
27861,Club 27861,,
2795,Club 2795,,
28035,Club 28035,,
282,Club 282,,
28218,Club 28218,,
28597,Club 28597,,
28633,Club 28633,,
28783,Club 28783,,
28970,Club 28970,,
28999,Club 28999,,
2930,Club 2930,,
29338,Club 29338,,
29757,Club 29757,,
2976,Club 2976,,
29771,Club 29771,,
29852,Club 29852,,
30031,Club 30031,,
3007,Club 3007,,
30685,Club 30685,,
30686,Club 30686,,
3070,Club 3070,,
30929,Club 30929,,
31007,Club 31007,,
31010,Club 31010,,
31180,Club 31180,,
31216,Club 31216,,
31283,Club 31283,,
31294,Club 31294,,
31395,Club 31395,,
31444,Club 31444,,
31450,Club 31450,,
31507,Club 31507,,
31525,Club 31525,,
31527,Club 31527,,
31614,Club 31614,,
31855,Club 31855,,
32017,Club 32017,,
32078,Club 32078,,
32130,Club 32130,,
3237,Club 3237,,
32371,Club 32371,,
3258,Club 3258,,
32768,Club 32768,,
3277,Club 3277,,
3282,Club 3282,,
32853,Club 32853,,
329,Club 329,,
32943,Club 32943,,
32944,Club 32944,,
3312,Club 3312,,
33197,Club 33197,,
33198,Club 33198,,
33201,Club 33201,,
33593,Club 33593,,
33727,Club 33727,,
33741,Club 33741,,
3393,Club 3393,,
34118,Club 34118,,
34239,Club 34239,,
34329,Club 34329,,
34423,Club 34423,,
3461,Club 3461,,
34721,Club 34721,,
34744,Club 34744,,
34756,Club 34756,,
34824,Club 34824,,
34876,Club 34876,,
35157,Club 35157,,
3521,Club 3521,,
3523,Club 3523,,
35380,Club 35380,,
35387,Club 35387,,
35489,Club 35489,,
35588,Club 35588,,
35634,Club 35634,,
35864,Club 35864,,
35949,Club 35949,,
3601,Club 3601,,
36397,Club 36397,,
36596,Club 36596,,
36670,Club 36670,,
36848,Club 36848,,
37160,Club 37160,,
37176,Club 37176,,
3718,Club 3718,,
37246,Club 37246,,
3737,Club 3737,,
37656,Club 37656,,
37914,Club 37914,,
3793,Club 3793,,
38040,Club 38040,,
38200,Club 38200,,
38204,Club 38204,,
38208,Club 38208,,
38402,Club 38402,,
38559,Club 38559,,
38632,Club 38632,,
38668,Club 38668,,
3899,Club 3899,,
3900,Club 3900,,
3917,Club 3917,,
39197,Club 39197,,
392,Club 392,,
39252,Club 39252,,
39376,Club 39376,,
39418,Club 39418,,
39429,Club 39429,,
3963,Club 3963,,
39637,Club 39637,,
40039,Club 40039,,
40079,Club 40079,,
40086,Club 40086,,
40090,Club 40090,,
4023,Club 4023,,
40270,Club 40270,,
40311,Club 40311,,
40319,Club 40319,,
4040,Club 4040,,
40416,Club 40416,,
40422,Club 40422,,
40508,Club 40508,,
40553,Club 40553,,
40582,Club 40582,,
40604,Club 40604,,
41030,Club 41030,,
41164,Club 41164,,
41411,Club 41411,,
41626,Club 41626,,
41658,Club 41658,,
41916,Club 41916,,
42149,Club 42149,,
42208,Club 42208,,
42246,Club 42246,,
42310,Club 42310,,
42546,Club 42546,,
429,Club 429,,
4292,Club 4292,,
43032,Club 43032,,
4310,Club 4310,,
4313,Club 4313,,
43146,Club 43146,,
43162,Club 43162,,
4321,Club 4321,,
43314,Club 43314,,
43409,Club 43409,,
43570,Club 43570,,
43571,Club 43571,,
438,Club 438,,
4391,Club 4391,,
4394,Club 4394,,
44289,Club 44289,,
44338,Club 44338,,
44360,Club 44360,,
44388,Club 44388,,
44664,Club 44664,,
45,Club 45,,
4503,Club 4503,,
45062,Club 45062,,
4507,Club 4507,,
45080,Club 45080,,
4523,Club 4523,,
45274,Club 45274,,
45276,Club 45276,,
45277,Club 45277,,
45289,Club 45289,,
45299,Club 45299,,
45321,Club 45321,,
45456,Club 45456,,
45500,Club 45500,,
4561,Club 4561,,
45783,Club 45783,,
4590,Club 4590,,
45989,Club 45989,,
45991,Club 45991,,
46019,Club 46019,,
46507,Club 46507,,
46557,Club 46557,,
46639,Club 46639,,
46643,Club 46643,,
46710,Club 46710,,
46718,Club 46718,,
47010,Club 47010,,
47107,Club 47107,,
47240,Club 47240,,
47347,Club 47347,,
4769,Club 4769,,
4772,Club 4772,,
4785,Club 4785,,
48190,Club 48190,,
48217,Club 48217,,
48277,Club 48277,,
48325,Club 48325,,
4835,Club 4835,,
48420,Club 48420,,
48712,Club 48712,,
48928,Club 48928,,
49075,Club 49075,,
49301,Club 49301,,
4947,Club 4947,,
49675,Club 49675,,
502,Club 502,,
50276,Club 50276,,
50658,Club 50658,,
50659,Club 50659,,
5069,Club 5069,,
50973,Club 50973,,
51070,Club 51070,,
51146,Club 51146,,
51500,Club 51500,,
51931,Club 51931,,
52266,Club 52266,,
52299,Club 52299,,
5242,Club 5242,,
52538,Club 52538,,
5287,Club 5287,,
531,Club 531,,
53321,Club 53321,,
53375,Club 53375,,
53378,Club 53378,,
53397,Club 53397,,
53453,Club 53453,,
54100,Club 54100,,
54134,Club 54134,,
5432,Club 5432,,
54649,Club 54649,,
55227,Club 55227,,
55240,Club 55240,,
55257,Club 55257,,
55265,Club 55265,,
554,Club 554,,
55480,Club 55480,,
5570,Club 5570,,
55746,Club 55746,,
5622,Club 5622,,
56508,Club 56508,,
568,Club 568,,
5699,Club 5699,,
5700,Club 5700,,
57024,Club 57024,,
57333,Club 57333,,
5739,Club 5739,,
57439,Club 57439,,
57443,Club 57443,,
57622,Club 57622,,
57623,Club 57623,,
57625,Club 57625,,
57659,Club 57659,,
5771,Club 5771,,
57778,Club 57778,,
57870,Club 57870,,
581,Club 581,,
5849,Club 5849,,
588,Club 588,,
58802,Club 58802,,
59024,Club 59024,,
59574,Club 59574,,
60047,Club 60047,,
602,Club 602,,
60222,Club 60222,,
60368,Club 60368,,
60393,Club 60393,,
6045,Club 6045,,
60529,Club 60529,,
60615,Club 60615,,
6076,Club 6076,,
6078,Club 6078,,
6079,Club 6079,,
60816,Club 60816,,
61017,Club 61017,,
6131,Club 6131,,
61336,Club 61336,,
61550,Club 61550,,
61552,Club 61552,,
6170,Club 6170,,
61808,Club 61808,,
61852,Club 61852,,
61955,Club 61955,,
62448,Club 62448,,
6251,Club 6251,,
62586,Club 62586,,
62728,Club 62728,,
62736,Club 62736,,
62871,Club 62871,,
629,Club 629,,
62967,Club 62967,,
63044,Club 63044,,
63045,Club 63045,,
6340,Club 6340,,
6356,Club 6356,,
6362,Club 6362,,
6363,Club 6363,,
6368,Club 6368,,
6371,Club 6371,,
63993,Club 63993,,
64534,Club 64534,,
6478,Club 6478,,
64780,Club 64780,,
65339,Club 65339,,
6536,Club 6536,,
65680,Club 65680,,
657,Club 657,,
65793,Club 65793,,
6593,Club 6593,,
66242,Club 66242,,
664,Club 664,,
66465,Club 66465,,
67000,Club 67000,,
67002,Club 67002,,
67074,Club 67074,,
6731,Club 6731,,
675,Club 675,,
6758,Club 6758,,
6759,Club 6759,,
6764,Club 6764,,
67751,Club 67751,,
6799,Club 6799,,
68029,Club 68029,,
68032,Club 68032,,
68653,Club 68653,,
68770,Club 68770,,
68834,Club 68834,,
69032,Club 69032,,
69169,Club 69169,,
69299,Club 69299,,
69471,Club 69471,,
69752,Club 69752,,
7,Club 7,,
7013,Club 7013,,
70178,Club 70178,,
7020,Club 7020,,
7039,Club 7039,,
70596,Club 70596,,
70841,Club 70841,,
70956,Club 70956,,
7098,Club 7098,,
710,Club 710,,
7123,Club 7123,,
7142,Club 7142,,
71944,Club 71944,,
72347,Club 72347,,
72816,Club 72816,,
72879,Club 72879,,
73135,Club 73135,,
743,Club 743,,
75,Club 75,,
75384,Club 75384,,
75925,Club 75925,,
7609,Club 7609,,
76945,Club 76945,,
77,Club 77,,
7702,Club 7702,,
77124,Club 77124,,
7733,Club 7733,,
77852,Club 77852,,
78312,Club 78312,,
78383,Club 78383,,
786,Club 786,,
790,Club 790,,
79097,Club 79097,,
79389,Club 79389,,
7964,Club 7964,,
8031,Club 8031,,
80327,Club 80327,,
8036,Club 8036,,
8042,Club 8042,,
8047,Club 8047,,
8056,Club 8056,,
80889,Club 80889,,
810,Club 810,,
81073,Club 81073,,
8126,Club 8126,,
8156,Club 8156,,
819,Club 819,,
82571,Club 82571,,
83016,Club 83016,,
83197,Club 83197,,
83266,Club 83266,,
8428,Club 8428,,
8430,Club 8430,,
84608,Club 84608,,
8494,Club 8494,,
85118,Club 85118,,
85902,Club 85902,,
8601,Club 8601,,
8606,Club 8606,,
86257,Club 86257,,
86544,Club 86544,,
8658,Club 8658,,
866,Club 866,,
8671,Club 8671,,
86863,Club 86863,,
87068,Club 87068,,
87691,Club 87691,,
87713,Club 87713,,
8850,Club 8850,,
89061,Club 89061,,
8932,Club 8932,,
8956,Club 8956,,
89613,Club 89613,,
90371,Club 90371,,
9052,Club 9052,,
90840,Club 90840,,
9094,Club 9094,,
9095,Club 9095,,
9099,Club 9099,,
91380,Club 91380,,
91740,Club 91740,,
91869,Club 91869,,
92225,Club 92225,,
92977,Club 92977,,
92979,Club 92979,,
93137,Club 93137,,
93343,Club 93343,,
9370,Club 9370,,
93831,Club 93831,,
93833,Club 93833,,
94131,Club 94131,,
94138,Club 94138,,
94685,Club 94685,,
94689,Club 94689,,
947,Club 947,,
9510,Club 9510,,
9526,Club 9526,,
95388,Club 95388,,
9540,Club 9540,,
96280,Club 96280,,
967,Club 967,,
96795,Club 96795,,
9702,Club 9702,,
9708,Club 9708,,
97297,Club 97297,,
97462,Club 97462,,
97916,Club 97916,,
9796,Club 9796,,
98029,Club 98029,,
98036,Club 98036,,
98106,Club 98106,,
9855,Club 9855,,
98717,Club 98717,,
98796,Club 98796,,
98841,Club 98841,,
9890,Club 9890,,
99249,Club 99249,,
99567,Club 99567,,
997,Club 997,,
99792,Club 99792,,
998,Club 998,,
7136,Envigado FC,,
37624,FC Metaloglobus Bucharest,,
6429,FC Universitatea Cluj,,
6622,FK Mladost Lucani,,
7567,FK Radnicki Nis,,
3137,FK TSC Backa Topola,,
36922,FK Tekstilac Odzaci,,
59358,FK Zeleznicar Pancevo,,
21975,Football Club Mito HollyHock,,
20590,Rionegro Águilas,,
